宝贝标题,价格
母亲节衣服夏季中年女装连衣裙中长款裙子中老年妈妈装夏装40岁50,148.0
中年女夏装40-50岁中老年女装妈妈装雪纺连衣裙短袖中长款裙子,129.0
母亲节衣服夏季中年女装夏装短袖40-50岁妈妈装中老年女装连衣裙,59.0
中老年女装夏装连衣裙中年雪纺上衣妈妈装中长款40-50岁大码裙子,38.8
妈妈夏装套装40岁中老年女装春装中年连衣裙两件套母亲节衣服夏季,128.0
新款妈妈装连衣裙中长款短袖夏装中年妇女40-50大码气质打底裙子,37.8
中老年女装春装长袖T恤打底衫妈妈装夏装40-50岁蕾丝上衣连衣裙女,35.0
妈妈夏装套装女40-50岁上衣2017新款时尚两件套中老年春装连衣裙,98.0
新款中老年蕾丝绣花中长款妈妈装连衣裙女 40-50大码修身印花裙夏,32.84
中老年女装绵绸连衣裙40-50岁中年妈妈装短袖大码修身碎花裙子夏,49.0
母亲节妈妈夏装套装2017新款连衣裙40-50岁中老年女装春装两件套,89.0
中年女装40岁妈妈装夏装连衣裙假两件短袖母亲节中老年女装中长款,69.0
母亲节衣服妈妈夏装雪纺连衣裙40岁50中年短袖中老年女装夏季裙子,138.0
中老年大码女装连衣裙35-55岁夏装短袖新款中长妈妈装中年打底裙,15.8
女装中年连衣裙夏季妈妈装35-50岁中老年连衣裙中长款碎花裙子,15.5
香颜妈妈装春装连衣裙中老年女装夏装两件套雪纺衫中年套装裙子,139.0
母亲节衣服中年妈妈装中老年女装雪纺连衣裙显瘦40-50岁中长款夏,158.0
中老年女装短袖连衣裙胖妈妈装夏装中长款裙子夏季中年妇女雪纺裙,38.7
妈妈春装外套40-50岁2017新款两件套装夏季上衣中年女夏装连衣裙,88.0
中老年女装夏季中长款雪纺两件套连衣裙大码妈妈装套装裙40-50岁,158.0
中年妈妈装夏装大码短袖中长款40-50岁 中老年女装修身夏季连衣裙,19.9
中年妈妈装夏装短袖雪纺连衣裙2017新款母亲节中老年女装真丝裙子,69.0
中年女妈妈夏装连衣裙40岁中老年女装2017春装新款母亲节衣服夏季,128.0
母亲节妈妈装夏天真丝假两件连衣裙中老年女大码40-50岁雪纺裙子,29.0
母亲节中老年女装夏装连衣裙中长款雪纺衫40-50岁中年妈妈装裙子,89.0
母亲节衣服妈妈装中年雪纺连衣裙30夏季中老年女装夏装裙子40岁50,128.0
中老年女装春夏装套装短袖T恤妈妈装长袖蕾丝连衣裙40-50岁两件套,69.0
中老年女装夏装雪纺衫两件套装40-50岁妈妈装2017夏季新款连衣裙,168.0
中年妈妈装短袖连衣裙夏季新款大码人造棉中老年女装绵绸长裙夏装,39.0
中老年连衣裙女装中长款中年女30-40-50岁短袖妈妈装夏装雪纺裙子,49.0
中老年妈妈装夏装连衣裙时尚大码中年女装假两件中长款裙子40岁50,45.8
中老年女装夏季雪纺裙30中年大码母亲节衣服妈妈夏装连衣裙40岁50,148.0
妈妈装春装大码女装雪纺连衣裙开衫女2017夏装新款中老年两件套装,89.0
婚礼妈妈装春装连衣裙中老年女装长袖蕾丝裙大码修身夏季中长裙子,85.0
2017夏季新款中老年女装连衣裙中年妈妈装大码修身短袖夏装花裙子,15.8
中老年女装春装2017新款套装中年妈妈装夏装30-40-50岁连衣裙外套,98.0
中老年女装春装连衣裙中年两件套婚礼妈妈装夏装40岁蕾丝结婚礼服,106.0
妈妈装夏装连衣裙中长款40-50岁中年女装衣服2017新款雪纺裙子,138.0
中年夏季女装连衣裙35-40-45-50岁中老年大码妈妈装碎花夏装长裙,15.8
中老年女装夏装短袖绣花中长款裙子夏天妈妈装雪纺连衣裙40-50岁,36.0
母亲节中年女夏装妈妈装连衣裙40-50岁中老年女装大码短袖雪纺裙,158.0
中老年女装连衣裙夏季短袖妈妈装夏装裙子中年大码雪纺裙40岁50夏,59.0
母亲节中年女夏装两件套装连衣裙妈妈春装外套女40-50岁2017新款,148.0
婚礼妈妈装夏装两件套裙子结婚宴礼服大码中年女夏装蕾丝连衣裙春,129.0
中老年女装夏新款假两件T恤妈妈装雪纺连衣裙夏季大码宽松复古T恤,89.0
母亲节衣服夏季中年女装夏装妈妈装中老年真丝连衣裙40-50岁裙子,125.0
中老年女装夏装雪纺裙子时髦两件套装40-50岁妈妈夏季妇女连衣裙,136.0
迪葵纳中年女装夏装连衣裙中老年妈妈装大码显瘦短袖裙子FQ4269莜,149.0
母亲节妈妈装夏装连衣裙短袖中年女装雪纺裙子中老年妇女40-50岁,98.0
中老年女装蕾丝连衣裙长款夏装40-50岁中年人妈妈装夏季中长裙子,46.0
芭倩罗娜2017春夏新款中老年妈妈装女士印花连衣裙加长款外套套装,286.0
母亲节妈妈春装套装40岁50中老年女装夏装中年2017新款夏连衣裙潮,85.0
中老年女装短袖夏装雪纺连衣裙中年人40-49妈妈装上衣修身裙子夏,59.9
妈妈夏装雪纺连衣裙两件套时尚40-50岁中老年女夏季套装裙子短袖,168.0
妈妈装夏装套装连衣裙雪纺上衣中老年女装t恤40-50岁两件套中长款,78.0
母亲节衣服夏季中老年女装春装两件套夏装中年婚礼妈妈装连衣裙40,108.0
妈妈装春装两件套中年妇女40岁短袖连衣裙上衣夏装套装中老年女装,128.0
中老年女装夏装短袖裙子中长款宽松新款大码妈妈装雪纺连衣裙藏肉,76.0
2017新款中老年夏装中长款短袖旗袍裙子中年妈妈装夏季雪纺连衣裙,128.0
中年连衣裙女夏天2017新款妈妈装雪纺短袖母亲节衣服显瘦真丝裙子,86.0
母亲节中年女夏装连衣裙收腰中长款40-50岁妈妈夏天修身显瘦裙子,139.0
中老年女装夏装连衣裙40-50岁中年妈妈装雪纺长裙老年人大码裙子,69.0
2017中老年连衣裙夏季中年妈妈装中长款打底裙35-55岁碎花裙大码,15.5
中年女夏装妈妈装连衣裙大码短袖中长款中老年女装雪纺妇女裙子潮,118.0
妈妈装连衣裙夏40-50岁中长款大码连衣裙短袖中老年女装冰丝裙子,37.8
妈妈夏装中老年女装蕾丝连衣裙春夏季中长款中年宽松大码短袖裙子,88.9
2017年新款中老年女装雪纺夏装40-50岁大码连衣裙妈妈中长款套装,69.0
中老年人妈妈夏装连衣裙中年女装裙子30大码裙雪纺2017新款40岁50,168.0
中老年妈妈装夏装短袖假两件连衣裙40-50中年中长款裙子夏季大码,37.8
妈妈装夏装雪纺连衣裙女40-50岁薄中老年女装短袖裙子2017新款潮,129.0
妈妈夏装雪纺连衣裙短袖40-50岁中年女装t恤中老年裙子夏季衣服薄,98.0
2017夏装新款中老年女装连衣裙大码修身妈妈装短袖棉绸印花长裙子,55.0
中老年女装夏装妈妈连衣裙中长款夏季40-50-60岁中年大码夏天裙子,49.0
妈妈装夏装雪纺连衣裙夏季女装中老年中年40岁短袖大码中长款裙子,218.0
夏装中老年女装连衣裙40-50-60岁夏季短袖雪纺中年妇女妈妈装裙子,39.9
母亲节衣服中年女装妈妈夏装连衣裙短袖雪纺衫中老年连衣裙中长款,138.0
妈妈连衣裙夏装短袖蕾丝中长款中年人40-50岁修身中老年女装长裙,218.0
中老年女装夏装雪纺连衣裙中年人妈妈装夏天30-40-50岁中长款裙子,29.9
香颜中年妈妈夏装短袖连衣裙40-50岁中老年女装中长款裙子2017,138.0
妈妈夏装套装女40-50岁2017新款母亲节中老年女装雪纺衫t恤+裤子,129.0
妈妈装夏装连衣裙中老年女装短袖大码40岁50中年人母亲节衣服夏季,79.0
母亲节衣服中年妈妈装雪纺连衣裙夏中老年女装短袖裙子显瘦40岁50,158.0
预售迪葵纳中老年女装中年女上衣夏装新款妈妈装连衣裙WQ5390沣,199.0
中老年女装两件套连衣裙妈妈装夏装短袖外套女40-50岁防晒衣新款,99.0
中老年女装夏季短袖裙子妈妈装夏装连衣裙雪纺衫中年妇女大码上衣,79.0
大码胖妈妈装夏装短袖连衣裙中老年人女装夏季套装中长款雪纺裙子,79.0
母亲节妈妈连衣裙夏装雪纺中长款大码中年修身气质中老年女装长裙,268.0
妈妈夏天连衣裙夏季40-50岁中年人夏装中长款中老年女装雪纺裙子,69.0
中老年夏装新真丝短袖连衣裙中长款大码中年妈妈装桑蚕丝宽松裙子,78.0
妈妈装夏装雪纺连衣裙新款女装中老年端庄大气短袖大码中长款裙子,79.0
中老年女装夏装打底连衣裙大码裙中年裙子短袖雪纺2017新款妈妈装,118.0
香颜中老年女装夏装雪纺印花连衣裙妈妈装印花中长款短袖新款裙子,148.0
妈妈连衣裙子夏装季春2017新款女40-50岁中老年人雪纺母亲节衣服,158.0
新款中老年女装夏装连衣裙200斤50-60岁40妈妈加肥加大码宽松裙子,89.0
中老年女夏装雪纺裙子短袖t恤40-50岁妈妈装母亲节衣服夏季连衣裙,148.0
母亲节妈妈2017新款夏装真丝连衣裙中年女装衣服夏季时尚宽松裙子,238.0
中年妇女连衣裙春款2017新款潮 妈妈衣服春装40-50岁夏装时髦套装,98.0
中老年女装夏装中长款连衣裙中年大码妈妈装夏季雪纺两件套装裙子,178.0
2017新款中老年人妈妈女夏装季连衣裙40-50岁两件套春母亲节衣服,148.0
千百怡恋母亲节衣服婚礼妈妈装夏装短袖连衣裙中年女装大码蕾丝裙,158.0
妈妈夏季雪纺连衣裙中长款妇女裙子中老年女装夏装40-50岁连衣裙,148.0
2017年新款夏装端庄大气妈妈装连衣裙 40-50岁母亲节衣服夏季裙子,138.0
母亲节衣服夏季妈妈装夏连衣裙40-50岁2017新款中老年人雪纺裙子,158.0
母亲节妈妈装夏装雪纺连衣裙40-50岁中年人中长款中老年女装裙子,168.0
中老年女装夏装连衣裙套装中年妈妈装裙子两件套母亲节夏季衣服穿,148.0
中年连衣裙女夏装雪纺中长款修身显瘦30-40-50岁中老年短袖妈妈装,99.0
妈妈装连衣裙夏季女装中长款假两件40岁中年妇女雪纺大码夏装裙子,98.0
母亲节衣服夏季连衣裙两件套中年妈妈装夏装中老年女装雪纺衫开衫,132.0
母亲节衣服妈妈夏装套装裙子两件套女夏2017新款女装中老年连衣裙,158.0
妈妈装夏装中年女装修身蕾丝连衣裙中老年中长款短袖裙子2017新款,89.5
妈妈装夏装套装30岁40时尚中年女装连衣裙上衣中老年夏季两件套50,138.0
妈妈裙子女夏季2017新款中年女装夏天短袖连衣裙30-40-50岁中长款,39.0
妈妈夏装连衣裙40-50岁母亲节中老年女装2017新款潮短袖雪纺长裙,158.0
2017新款妈妈装夏装短袖连衣裙30-40-50岁中年女装雪纺中老年裙子,148.0
母亲节妈妈装夏装雪纺连衣裙40-50岁薄中老年女装中长款短袖裙子,188.0
母亲节衣服中老年夏季女装30妈妈装雪纺连衣裙中年人夏装裙子40岁,158.0
母亲节衣服中老年女装夏装真丝连衣裙夏季40-50岁中年妈妈装裙子,125.0
中老年女装夏装连衣裙 中长款夏季短袖40-50岁中年妈妈装真丝裙子,138.0
中年女妈妈夏装连衣裙40-50岁2017新款中老年春装母亲节衣服夏季,118.0
妈妈连衣裙夏装女40-50岁2017新款中年女装大码中老年人蕾丝裙子,128.0
中老年女装新桑蚕丝大码夏装连衣裙中长款胖妈妈装短袖宽松真丝裙,128.0
迪葵纳中老年女装夏装新款50岁妈妈装中年宽松短袖连衣裙WQ4339沣,129.0
2017夏装新款中老年女装中年女士大码胖妈妈装短袖裙子碎花连衣裙,14.9
天天特价中老年女装绵绸连衣裙40-50岁中年妈妈装大码碎花裙子夏,49.0
中老年女40岁妈妈夏装连衣裙中长款短袖高弹V领大码雪纺裙50新款,168.0
母亲节衣服夏季妈妈夏装连衣裙2017新款中年女装裙子中老年40岁50,128.0
母亲节衣服中年妈妈夏季装连衣裙女40岁-50岁2017春新款短袖上衣,129.0
夏装雪纺妈妈连衣裙中长款女装显瘦裙子2017新款中老年女夏季短袖,135.0
妈妈装连衣裙春装2017夏新款女40-50岁中老年雪纺中长款套装裙子,268.0
迪葵纳中年妈妈装夏装新款中老年女装短袖棉麻修身连衣裙FQ5555莜,149.0
2017新款40-50岁妈妈装夏装连衣裙中年夏季中老年女装短袖蕾丝衫,98.0
妈妈夏装连衣裙中长款中老年短袖打底衫40-50中年女装2017新款潮,39.9
2017中老年女装夏季短袖连衣裙 中长款中年妇女妈妈装40-50岁裙子,19.0
香颜中老年女装春装两件套连衣裙40-50岁妈妈春秋装中长款外套,168.0
妈妈装夏装2017新款夏天蕾丝短袖连衣裙 30-40岁50潮中年女装裙子,129.0
母亲节妈妈夏装连衣裙新款中老年女装中年人旗袍雪纺短袖印花裙子,98.0
中老年女夏季雪纺两件套连衣裙母亲节衣服中年妈妈夏装套装40岁50,158.0
新款时尚妈妈装夏装30-40-50岁裙子中年女装中长款中袖连衣裙夏季,69.0
中年女装夏装连衣裙中老年夏季短袖雪纺裙子40-50岁母亲节妈妈装,148.0
香颜中老年女装夏装两件套服装妈妈装中长款雪纺衫连衣裙防晒衣,158.0
妈妈装夏装连衣裙假两件套装30岁气质女士修身妇女40中年裙子女夏,228.0
妈妈装夏装连衣裙40-50岁中老年女装雪纺裙子两件套短袖t恤套装潮,108.0
2017夏装中年女连衣裙短袖花色大码女装中老年雪纺裙子妈妈装40岁,99.0
中老年女装夏装雪纺连衣裙中长款夏季40-50岁中年妈妈装夏天裙子,98.0
中年女春装妈妈装连衣裙40-50岁两件套中老年女装中长款夏套装裙,158.0
中年妈妈装真丝连衣裙中老年女装夏装40-50短袖中长款裙子桑蚕丝,149.0
中老年女装夏装妈妈连衣裙中长款30-40岁中年雪纺裙子气质衣服50,158.0
中老年女装夏装连衣裙中长款雪纺衫条纹上衣40-50岁中年妈妈裙子,158.0
妈妈夏装连衣裙40岁50中年女装气质雪纺裙子中老年改良旗袍中长款,169.0
艾雀妈妈夏装中年时尚连衣裙中老年女装短袖2017新款宽松雪纺裙子,98.0
母亲节衣服夏季中老年人女装夏装春妈妈装连衣裙子40-50岁两件套,148.0
中老年连衣裙两件套40-50岁妈妈装外套2017春新款中年妇女开衫夏,89.0
胖妈妈夏装长裙时尚大码两件套中老年女装春装新款套装连衣裙夏季,189.0
中年女装夏装连衣裙中老年妇女妈妈装裙子大码40-50-60岁2017新款,59.0
中老年女装夏装连衣裙中年雪纺上衣妈妈装中长款40-50岁大码裙子,35.0
中老年女装夏装雪纺衫短袖中年连衣裙妇女40-50岁夏季妈妈裙子夏,59.0
香颜中老年女装夏装真丝连衣裙40-50岁妈妈装中长款桑蚕丝裙子,288.0
乐卡索妈妈装夏装连衣裙大花雪纺裙中老年女装40岁中年裙大码裙子,139.0
乐卡索中老年连衣裙夏装短袖雪纺衫裙子中年人大码宽松裙装妈妈装,129.0
香颜妈妈装夏装短袖连衣裙中老年女装夏季时尚大码雪纺印花裙子,198.0
中老年妈妈装夏装连衣裙时尚中长款上衣中年女装大码裙子40-50岁,108.0
妈妈装夏装连衣裙大码中老年女装雪纺衫40-50岁中年妇女打底裙子,148.0
中老年女装夏装真丝连衣裙妈妈装短袖中长款宽松大码桑蚕丝裙子薄,89.0
中年人妈妈装夏装连衣裙40-50岁中长款大码短袖中老年女装打底裙,19.9
母亲节衣服中年旗袍裙子妈妈装中长款夏装雪纺衫连衣裙中老年女装,152.0
母亲节衣服夏季妈妈夏装雪纺连衣裙40岁50中老年女装新款旗袍裙子,169.0
妈妈装夏装连衣裙中年女装短袖中老年中长款40-50岁母亲节衣服季,98.0
2017新款中老年女装连衣裙中长款胖妈妈夏装大码宽松雪纺裙40岁50,188.0
中年大码妈妈装春夏装两件套装裙40-50岁中老年女装中长款连衣裙,158.0
母亲节中老年女装大码印花中长款雪纺衫40岁胖妈妈夏装中袖连衣裙,188.0
中老年女装2017春新款中年连衣裙母亲节衣服大码妈妈夏装雪纺裙子,168.0
中老年连衣裙女夏装短袖妈妈装连衣裙新款夏季中长款中年妇女裙子,34.8
母亲节衣服中老年女装妈妈夏装连衣裙短袖雪纺衫2017新款春装40岁,138.0
妈妈春装外套40-50岁2017新款潮中年女夏装两件套装中长款连衣裙,76.0
妈妈春装大码中年女装雪纺开衫连衣裙2017夏装新款中老年两件套装,128.0
中年女夏装妈妈装连衣裙结婚宴40岁50中老年女装婚礼旗袍蕾丝裙子,188.0
中老年女装雪纺衫夏装40-50大码连衣裙妈妈装短袖中长款 中袖t恤,39.0
中老年女装夏装连衣裙40-50岁女士雪纺外套短袖t恤妈妈装两件套装,59.0
中老年女装夏装40-50岁妈妈装香云纱旗袍裙子中长款真丝连衣裙春,168.0
200斤大码妈妈装夏装宽松连衣裙中老年加肥加大码女装短袖裙子,128.0
中年人女装连衣裙夏装2017新款夏季40-50岁妈妈中老年夏天蕾丝裙,128.0
天天特价中老年女装2017夏季真丝大码短袖妈妈装中长款修身连衣裙,89.0
妈妈装2017夏装新款短袖连衣裙40-50岁中老年女装中年中长款夏装,128.0
母亲节连衣裙潮大码40岁妈妈夏装短袖雪纺衫中老年人女装印花裙子,178.0
中年女装夏装新款妈妈装连衣裙中长款中老年大码短袖裙子40-50岁,178.0
40岁50妈妈装夏装短袖连衣裙中年女装两件套中老年母亲节衣服夏季,158.0
妈妈装夏装连衣裙40-50岁中老年人夏季短袖雪纺连衣裙女印花裙子,19.0
妈妈装加肥加大中长款连衣裙胖妈妈夏装套装40-50岁中老年裙子,89.0
千百怡恋中老年女装夏装短袖连衣裙中年妈妈装大码假两件雪纺裙子,128.0
2017新款夏装中年妈妈装连衣裙中老年女装中长款大码40-50岁裙,69.0
中老年女装夏装大码雪纺连衣裙中年妈妈装时尚40-50岁中长款裙子,148.0
中老年女装夏装短袖2017新款时尚中年大码宽松胖妈妈连衣裙40岁50,138.0
连衣裙女夏季新款中老年装中年妈妈装大码修身短袖中长2017花裙子,15.9
妈妈装春装套装40-50岁中老年女装夏装中年连衣裙两件套2017新款,59.9
乐卡索中年女装连衣裙套装夏装背心加外套两件套中老年春装妈妈装,199.0
夏季新款中年妈妈装绵绸连衣裙印花中长款大码长裙妇女免烫中老年,49.0
妈妈装夏装雪纺连衣裙女40-50岁2017新款潮长裙中年人女装薄裙子,168.0
中年女装妈妈装夏装连衣裙短袖中长款雪纺宽松中老年连衣裙夏新款,98.0
中老年五分袖连衣裙夏中长款a字裙假两件胖妈妈装宽松大码显瘦,59.0
中老年女装大码妈妈装夏装中长款连衣裙宽松中年妇女雪纺衫裙子薄,28.0
中年女装夏装新款连衣裙中长款中老年妈妈装夏季大码裙子40-50岁,178.0
中老年女装夏装新款短袖中长款连衣裙妈妈装大码雪纺裙子中年夏季,126.0
母亲节衣服夏季妈妈夏天连衣裙40岁50中年人女装夏装裙子2017新款,127.0
民族风妈妈夏装连衣裙大码中年女装旗袍裙子中老年雪纺衫中长款,128.0
中老年女装2017新款雪纺大码宽松短袖裙子中长款妈妈装夏装连衣裙,128.0
中老年女装加肥加大码夏装雪纺连衣裙40岁50胖妈妈装宽松短袖长裙,59.6
天天特价中老年连衣裙蕾丝雪纺妈妈装40-50岁修身网纱大码女装夏,48.0
妈妈装夏装假两件连衣裙中老年女装中长款气质短袖雪纺衫裙子新款,138.0
母亲节衣服中老年女装夏天连衣裙妈妈装夏装40-50岁夏季2017新款,49.0
妈妈装连衣裙50-60岁大码宽松短袖雪纺老年人套装裙子中年女夏装,239.0
迪葵纳中老年女装夏装短袖中年妈妈装雪纺连衣裙FQ6896莜,209.0
中老年女装夏装雪纺连衣裙中年母亲节衣服夏季妈妈装30岁40裙子50,108.0
中年妈妈装夏装连衣裙雪纺婚礼短袖中老年连衣裙女中长款40-50岁,128.0
中年女装夏装连衣裙妈妈装中长款裙子中老年t恤40-50岁母亲节衣服,108.0
婚礼妈妈装夏装连衣裙中年时尚套装2017新款中老年大码女装两件套,268.0
香颜中老年女装夏装雪纺印花连衣裙修身中年妈妈装短袖中长款裙子,168.0
妈妈装夏装连衣裙短袖中老年女装中年裙子夏季2017新款母亲节衣服,139.0
中老年女装春装大码T恤中年连衣裙妈妈装夏装40-50岁2017春新款潮,99.0
中老年女装短袖连衣裙中年胖妈妈装夏装加肥加大码中长款雪纺裙子,108.0
中老年女装连衣裙春装夏装婚宴礼服婚礼时尚妈妈装中长款40-50岁,198.0
母亲节女装 中年女装夏装婚礼妈妈装40-50岁中老年人春装连衣裙子,158.0
妈妈装夏装连衣裙中老年女装夏季裙子女夏2017新款中年母亲节衣服,139.0
妈妈装夏装连衣裙2017新款母亲节衣服40-50岁中老年女装雪纺裙子,129.0
年轻妈妈款夏装雪纺连衣裙女中长款中老年女装夏季2017款印花裙子,168.0
中老年胖妈妈装连衣裙子夏季短袖40岁50雪纺中年人女装夏装中长款,139.0
中老年女装夏装时尚雪纺连衣裙40-50岁妈妈中长款假两件裙子套装,85.0
婚礼妈妈装春装中长款连衣裙中年女装夏装2017新款潮老年人裙子女,115.0
母亲节妈妈夏装雪纺衫连衣裙40-50岁2017新款潮中年人妇女假两件,108.0
40岁妈妈装夏装连衣裙子中年女装雪纺短袖中老年母亲节衣服夏季50,138.0
中老年人女装夏装40-50岁中年妈妈装夏季中长款雪纺短袖连衣裙子,218.0
乐卡索妈妈装春装中袖中年女装大花纯色打底中老年夏季大码连衣裙,179.0
芬典中年女装夏装连衣裙短袖中老年40岁妈妈装中长款大码雪纺裙子,138.0
中老年女装夏装妈妈装雪纺连衣裙 中长款30-40-50岁夏季中年裙子,125.0
中年女夏装 连衣裙气质中长款妈妈装40-50岁60夏季中老年雪纺裙子,98.0
中老年女装夏装连衣裙40-50岁中年妈妈装2017新款夏季时尚上衣T恤,98.0
母亲节妈妈夏装连衣裙子2017新款中年女短袖40岁50中老年女装夏季,108.0
中老年女装夏装真丝连衣裙夏季短袖中年人40-50衣服胖妈妈装裙子,98.0
妈妈连衣裙中年女夏装中老年短袖中长款宽松30-40-50岁母亲节裙子,108.0
母亲节中老年女装夏装短袖真丝连衣裙中年妈妈装香云纱大码旗袍裙,118.0
中老年女装夏装中年修身连衣裙妈妈装短袖裙子显瘦中长款40-50岁,125.0
母亲节衣服夏季中年妈妈夏装雪纺连衣裙春新款40岁50老年女装裙子,138.0
妈妈装夏装连衣裙假两件套裙雪纺裙2017修身绣花气质中年女装裙子,228.0
200斤中老年女装夏胖妈妈连衣裙短袖加肥加大码中年妇女雪纺裙子,88.0
中老年女装雪纺连衣裙中年妈妈装夏装假两件夏季短袖裙子40-50岁,158.0
中年女夏装连衣裙大码妈妈装夏装假两件雪纺裙子四十岁女人的衣服,138.0
母亲节妈妈装春装连衣裙中老年2017新款结婚礼服大码女装中年夏装,258.0
中年女夏装妈妈装连衣裙气质中长款2017新款大码宽松40岁端庄大气,198.0
新款中老年蕾丝绣花中长款妈妈装连衣裙女 40-50大码修身印花裙夏,29.9
妈妈连衣裙夏装女2017新款韩版宽松雪纺裙中年女装短袖中老年大码,138.0
母亲节妈妈夏天连衣裙中年短袖夏装雪纺裙子40岁50中老年女装衣服,158.0
中老年加肥加大码女装夏装中长款连衣裙200斤胖妈妈装印花长裙,189.0
胖mm中老年人女装夏装加肥加大码200斤中年妈妈装短袖连衣裙宽松,168.0
中老年连衣裙妈妈装夏季加大码女装修身中长款裙子夏装雪纺连衣裙,138.0
中老年女装夏装雪纺连衣裙短袖 中年妈妈装40-50岁大摆沙滩中长裙,198.0
中年女夏装连衣裙短袖母亲节衣服夏季妈妈雪纺裙40岁50中老年人60,109.0
名兰世家女装高端品牌奢华结婚礼服紫色婚宴中年妈妈装连衣裙夏季,708.0
母亲节衣服妈妈夏装连衣裙 中年大码修身网纱雪纺a字裙中老年女装,148.0
2017夏装新款中老年女装妈妈装连衣裙短袖中长款大码裙子40-50岁,198.0
加肥加大码春秋装中老年人连衣裙子胖妈妈装结婚礼服婚宴女装唐装,198.0
婆婆装婚礼妈妈装夏装结婚礼服婚宴婚庆旗袍连衣裙中老年女装夏季,127.0
甘夫人夏装新款短袖妈妈装中老年女装宽松中长款彩条雪纺连衣裙夏,298.0
2017中年女夏装连衣裙新款30-40岁50中老年时尚妈妈裙子夏中长款,108.0
中老年女装30-40-50岁春秋长袖中年妇女妈妈春装连衣裙中长款夏装,89.0
妈妈装夏装中袖连衣裙2017新款40-50岁中老年女装夏季中长款裙子,158.0
中老年女装夏装妈妈装裙子30-40-50岁中年人夏季中长款蕾丝连衣裙,98.0
中年妈妈连衣裙短袖中长款中老年女装夏装雪纺裙子夏季40-50岁30,128.0
母亲节衣服中老年女装中长款春装30-40-50岁中年夏装妈妈装连衣裙,65.0
中老年女装夏装胖妈妈加肥加大码妈妈装连衣裙中长款中年雪纺裙子,138.0
亲晨真丝连衣裙子夏装2017新款大码印花妈妈装短袖宽松中老年女装,368.0
母亲节妈妈装夏装雪纺连衣裙40-50岁中长款中年女装中老年人女夏,218.0
妈妈装夏装连衣裙中老年新款裙子40岁中年人女装夏季母亲节衣服,128.0
母亲节妈妈装连衣裙夏装新款30-40岁中年女装雪纺中长款雪纺裙子,138.0
中年连衣裙妈妈装女装夏装短袖中长款中老年40-50岁时尚礼服大码,138.0
母亲节衣服妈妈装夏装连衣裙2017新款40-50-60岁中老年女装棉绸裙,98.0
2017新款妈妈夏装连衣裙中长款短袖中老年女装大码母亲节衣服夏季,198.0
阔太妈妈装中长款连衣裙中年女装裙子中老年婚礼婚宴大码中裙春秋,199.0
春秋新款中老年女装连衣裙中长款短袖修身显瘦妈妈夏装女士打底裙,168.0
中老年女装夏装短袖中长款连衣裙30-40-50岁桑蚕丝中年大码妈妈装,109.0
夏季中老年人女装40-50岁妇女大码裙子中年妈妈装夏装雪纺连衣裙,238.0
中老年人女装夏装200斤加肥加大码中年胖妈妈装雪纺衫连衣裙夏季,148.0
40岁妈妈装夏装旗袍连衣裙子中年女装婚礼服中老年母亲节衣服夏季,238.0
福玛玛中老年女装夏季连衣裙中长款妈妈装七分袖大码雪纺夏装裙子,239.0
妈妈装夏连衣裙短袖40-50岁中老年人女装雪纺裙子母亲节衣服夏季,98.0
妈妈装夏装连衣裙 中年大码蕾丝修身雪纺a字裙中老年女装40-50岁,148.0
中年女装夏装2017新款潮妈妈装连衣裙短袖条纹中长款裙子40-50岁,128.0
甘夫人中老年女装2017夏装新款短袖妈妈装中年修身大码气质长裙夏,398.0
夏季新款中老年蕾丝连衣裙30-40-50岁中年妈妈裙子气质修身中长款,129.0
母亲节衣服婚礼妈妈装连衣裙中年妇女大码中老年女装夏装雪纺裙子,178.0
母亲节衣服夏季中年女装妈妈连衣裙夏雪纺40岁中老年连衣裙中长款,158.0
中老年女装夏季连衣裙 桑蚕丝夏装短袖40-50岁中年妈妈装真丝裙子,118.0
中年女夏装连衣裙雪纺中老年女装短袖裙子中长款妈妈装大码碎花裙,128.0
中老年连衣裙薄雪纺印花女装夏装胖妈妈装短袖长款宽松大码40岁50,118.0
中老年女装夏装短袖中年人女40岁婚礼夏天雪纺裙子妈妈夏装连衣裙,89.0
胖妈妈夏装连衣裙加肥加大宽松50岁60中老年女裙子母亲节衣服中年,138.0
人造棉桑棉绸绵绸中老年女装短袖连衣裙2017新款妈妈装中长款特价,25.0
中老年女装夏装连衣裙大码40-50岁中长款中年妈妈春装雪纺连衣裙,118.0
中老年女装夏季中长款打底衫宽松妈妈装夏装短袖t恤雪纺衫连衣裙,38.0
籽煊中老年女装春装T恤中年大码上衣妈妈装夏装民族风连衣裙外套,199.0
母亲节衣服夏季中老年女装夏装中长款真丝连衣裙香云纱中年妈妈装,108.0
中年女装夏装连衣裙妈妈装夏季中长款裙中老年40-50岁母亲节衣服,108.0
中老年女装新款真丝连衣裙大码妈妈装夏季中长款宽松短袖桑蚕丝裙,128.0
2017夏装新款胖妈妈装薄款纱网连衣裙中老年200斤加肥加大码上衣,128.0
谜谜玛玛2017新款夏真丝连衣裙香云纱大码宽松妈妈桑蚕丝中长裙,729.0
中老年女装夏装连衣裙 中长款夏季短袖40-50岁中年妈妈装雪纺裙子,69.0
中年女装夏装连衣裙中老年妇女大码修身雪纺裙子30-40-50岁妈妈装,98.0
妈妈装雪纺连衣裙2017中年女装新款短袖t恤中老年女装中长款夏装,108.0
母亲节衣服气质妈妈装夏装中长款修身显瘦连衣裙中年女装雪纺裙子,126.0
中老年女装 夏季装宽松加肥加大码妇女装胖妈妈新款棉麻连衣裙子,128.0
夏季中老年胖妈妈装雪纺遮肚子连衣裙夏装中年女装裙子中长款大码,98.0
妈妈装夏装中年女夏装连衣裙40岁妈妈夏装短袖连衣裙中老年夏装女,128.0
母亲节衣服夏季夏装女婚宴礼服婚礼妈妈装40-50岁女装中年连衣裙,259.0
母亲节中年妈妈装新款夏装雪纺连衣裙40-50岁中老年女装修身裙子,138.0
母亲节中老年女装夏装连衣裙40岁50中年女人新款妈妈装夏装棉裙子,99.0
母亲节中老年女装夏装连衣裙2017新款中年印花妈妈装短袖宽松裙子,138.0
母亲节胖妈妈装连衣裙中老年女装40-50岁中年人夏装夏季衣服裙子,98.0
中年女装雪纺连衣裙修身中老年妈妈装夏装短袖裙子中长款40-50岁,158.0
母亲节妈妈装夏装婚宴旗袍打底裙中老年女装修身中长款雪纺连衣裙,119.0
妈妈装连衣裙雪纺夏季女装中老年中年短袖大码妇女夏装中长款裙子,218.0
中老年女装真丝香云纱连衣裙短袖妈妈装中年女夏装衣服桑蚕丝裙子,399.0
母亲节中年女春装连衣裙衣服2017新款夏装中老年女装妈妈裙40岁50,159.0
母亲节衣服妈妈装夏装连衣裙中老年女装中长款大码加肥加大200斤,128.0
中老年女夏装唐装旗袍刺绣民族风a字高端婚礼妈妈真丝雪纺连衣裙,118.0
2017夏装中老年女装结婚宴大码妈妈装连衣裙婚礼藏绒多斯套裙礼服,280.0
中老年女装夏装雪纺连衣裙40岁50妈妈装大码宽松中长款母亲节裙子,69.0
中年女妈妈夏装上衣女40-50岁2017夏新款女装真丝短袖t恤连衣裙潮,138.0
母亲节衣服中老年夏装女中长款旗袍裙子中年妈妈装夏季连衣裙唐装,118.0
妈妈装夏装连衣裙中长款胖中老年女装短袖40-50岁大码雪纺长裙子,99.0
中老年女装夏装妈妈装连衣裙40-50岁中长款新款潮老年人夏季裙子,138.0
妈妈装夏装短袖印花中长款连衣裙宽松大码40--50岁中老年女装裙子,89.0
母亲节衣服中老年妈妈装夏装雪纺连衣裙30-40-50岁中年人女装裙子,158.0
中老年女装夏装雪纺连衣裙宽松中年妈妈装夏天中长款裙子40岁50,66.0
母亲节妈妈装夏装连衣裙大码中老年女装短袖中年假两件雪纺中长款,126.0
雪昔中老年连衣裙雪纺印花中年人女装夏装妈妈装中袖大码40岁长裙,267.0
妈妈装夏装连衣裙女40-50岁短袖雪纺长裙中老年女裙子2017新款潮,189.0
2017夏装新款中老年女装连衣裙中长款打底蕾丝裙子中年妈妈装夏季,128.0
2017夏装新款30-35-40岁中年少妇女装气质妈妈装中长款印花连衣裙,168.0
中年女装妈妈装夏装连衣裙时尚中老年裙中长款40-50岁母亲节衣服,98.0
2017中老年女装真丝连衣裙中长款宽松妈妈装夏装短袖大码桑蚕丝裙,114.8
2017春夏装新款婚礼婚宴妈妈装礼服修身连衣裙高档中老年女旗袍裙,125.0
中老年女装连衣裙40岁母亲节妈妈夏装中年中长款夏季短袖裙子薄款,99.0
妈妈夏装雪纺大码连衣裙中老年人夏季短袖裙子40岁50中年妇女长裙,118.0
米鸶中老年女装2016夏短袖雪纺印花连衣裙胖妈妈加肥加大层叠裙子,169.0
中老年女装新款雪纺连衣裙胖妈妈装夏装宽松显瘦大码短袖桑蚕丝裙,128.0
天天特价中年夏装婚礼妈妈装40岁雪纺连衣裙民族风改良旗袍裙唐装,118.0
中老年女装夏装连衣裙妈妈装夏季中长款 大码40-50岁中年女装裙子,49.0
2017夏装刺绣时尚中年修身遮肚高端婚宴妈妈装复古旗袍雪纺连衣裙,152.0
妈妈装夏装连衣裙40-50中长款短袖中年妇女中老年女大码蕾丝长裙,98.0
婚礼妈妈装蕾丝连衣裙夏装婚庆宴会礼服女时尚中年丈母娘婆婆40岁,380.0
中老年女装妈妈装夏装连衣裙中年短袖雪纺母亲节衣服裙子40-50岁,118.0
母亲节妈妈夏装连衣裙40-50岁2017新款棉麻短袖中年妇女老人裙子,118.0
春夏款结婚礼妈妈装连衣裙中年女装绣花裙子婚庆喜宴会晚礼服旗袍,185.0
母亲节衣服夏季妈妈夏装连衣裙中老年女装显瘦雪纺中年裙子40岁50,138.0
中老年夏季加肥加大码女装200斤雪纺连衣裙子短袖中长款胖妈妈,168.0
妈妈装夏装雪纺连衣裙女40-50岁中老年女装夏季中长款修身长裙子,78.0
中老年人雪纺连衣裙子妈妈夏装短袖中年妇女装夏季30-40-50岁衣服,99.0
妈妈连衣裙女40-50岁2017夏新款薄复古假两件中老年雪纺碎花长裙,78.0
妈妈夏天夏装连衣裙40-50岁中长款端庄大气大码 中年夏季雪纺裙子,158.0
中老年女夏装连衣裙中年婚宴礼服中长款蕾丝裙春装大码婚礼妈妈装,188.0
母亲节衣服妈妈夏装真丝中老年夏天连衣裙40岁中年女装夏季裙子50,298.0
妈妈装夏季中长款短袖真丝连衣裙中老年女装宽松显瘦旗袍40-50岁,138.0
中年女装春装牛仔衬衫中长款大码妈妈装连衣裙中老年长袖上衣外套,76.0
久丽丝女装新品中老年莨绸夏装短袖真丝香云纱连衣裙妈妈旗袍裙子,296.0
中年女装夏装妈妈装雪纺连衣裙端庄大气中老年连衣裙40-50岁薄款,148.0
2017中年高档参加婚礼妈妈装春夏连衣裙高贵新娘喜婆婆结婚宴礼服,458.0
中老年女装春装连衣裙40-50-60岁中年妈妈装夏装中长款打底衫裙子,39.9
母亲节妈妈装夏装雪纺连衣裙40-50岁中老年女装夏季大码中年裙子,149.0
妈妈装夏装连衣裙中长款40-50岁中老年妇女短袖雪纺假两件套裙子,129.0
母亲节衣服中年女夏装妈妈连衣裙40岁中老年短袖雪纺连衣裙中长款,128.0
中老年女装连衣裙中年人妈妈装春装40-50岁中长款打底衫春秋大码,59.0
中老年女装夏装短袖大码裙子中年妈妈装夏季中长款修身雪纺连衣裙,99.0
中老年女装夏装假两件宽松裙子中年大码雪纺短袖连衣裙40岁妈妈装,99.0
中老年女春装长袖连衣裙中长款30-40-50岁大码妈妈装蕾丝长裙夏装,158.0
中老年女装中年妈妈夏装中长款连衣裙30-40-50岁夏季大码碎花裙子,19.9
母亲节中年妇女衣服春装2017新款潮上衣 妈妈装中长款T恤打底衬衫,118.0
加肥加大夏季中老年雪纺连衣裙妈妈装夏装中年女装大码短袖裙子,98.0
中老年女装夏装中长款短袖旗袍裙子妈妈装夏季雪纺连衣裙40-50岁,128.0
夏季中年妈妈装母亲节衣服40-50岁中长款假两件气质蕾丝连衣裙子,348.0
2017春夏新款参加婚礼妈妈装连衣裙婚宴婆婆喜庆中老年结婚礼服,398.0
中老年女装夏季短袖连衣裙中长款夏装中年妇女妈妈装40-50岁裙子,36.0
母亲节衣服妈妈装加肥加大码夏装桑蚕丝裙子中老年女装真丝连衣裙,178.0
阔太2017夏季连衣裙新品蕾丝烫金中长款直筒裙短袖圆领宽松妈妈裙,239.0
songmay婚礼妈妈装连衣裙结婚宴大码假两件套装高档婚庆婆婆礼服,398.0
天天特价中老年女装夏装大码40-50中年妈妈装雪纺连衣裙中长款,98.0
2017新款中老年女夏装连衣裙中年30-40岁50妈妈夏时尚裙子中长款,88.0
中老年女装春秋季中长款打底衫中年妇女连衣裙妈妈装春装长袖上衣,19.9
2017新款妈妈装夏装短袖连衣裙蕾丝中长款4050岁中年女装夏季裙子,138.0
母亲节中年夏装连衣裙40-50岁2017新款女装妇女衣服妈妈雪纺裙子,138.0
妈妈夏装连衣裙假两件套中老年短袖大码裙子40-50岁中年女装长裙,158.0
妈妈装夏装连衣裙中长款2017新款中老年女装40-50岁短袖裙子,138.0
中老年女装连衣裙夏季新款时尚妈妈装蕾丝短袖大码连衣裙子40-50,75.0
中老年夏装宽松真丝连衣裙时尚中长款短袖女装中年妈妈装桑蚕丝裙,118.0
母亲节中年妈妈装短袖裙子2017春新款中老年女装夏装连衣裙40岁50,128.0
母亲节妈妈装雪纺连衣裙40-50岁夏装中年短袖t恤女纯色中老年裙子,118.0
妈妈夏装碎花连衣裙母亲节衣服中年大码修身雪纺A字裙中老年女装,138.0
妈妈装夏装2017新款长款连衣裙40岁中老年人女装上衣短袖妇女50春,138.0
2017新款夏装中老年女装加大码印花妈妈装真丝连衣裙短袖宽松裙子,138.0
名兰世家女装2016高端品牌奢华中年妈妈气质结婚礼服烫金连衣裙夏,866.0
2017中老年人女装夏装大码真丝中长款连衣裙妈妈装蕾丝短袖上衣女,135.0
加绒加厚中老年女装连衣裙长袖打底衫中年妈妈装秋冬中长款T恤,68.0
妈妈夏装连衣裙40-50岁中年女装中长款短袖雪纺裙子中老年人夏季,68.0
中老年夏装雪纺连衣裙胖妈妈大码中长款裙子中年女装夏季2017新款,168.0
夏装婚礼妈妈装修身气质连衣裙中老年喜庆婚宴婆婆礼服假两件套裙,135.0
中老年女装春装妈妈装连衣裙2017新款40-50岁中长款长袖打底衫潮,69.0
中年妇女夏装高腰连衣裙大码女装30-40-50岁短袖雪纺母亲节妈妈装,158.0
母亲节夏季衣服妈妈装春装中国风连衣裙中年女装夏装中老年民族风,145.0
福玛玛中老年女装夏季新品蕾丝花边连衣裙妈妈夏装中长款裙子短袖,246.0
中老年女装夏装妈妈装连衣裙夏季雪纺40-50岁中长款中年妇女裙子,118.0
中老年人女装夏装短袖连衣裙妈妈装女装老人50-70岁奶奶绵绸裙子,59.0
2017春夏季妈妈装蕾丝连衣裙女中年短袖中长款中老年大码宽松新款,98.0
中年女装40-50岁夏季雪纺裙子2017新款中老年妈妈装中长款连衣裙,138.0
2017夏装新品连衣裙40-50岁结婚礼婚宴妈妈装礼服大码刺绣连衣裙,118.0
中老年女装加肥加大码雪纺连衣裙民族风印花胖妈妈装200斤夏装裙,108.0
妈妈装春装T恤打底衫大码中年女连衣裙中老年春秋中长款上衣,69.0
中老年女装夏装短袖蕾丝连衣裙妈妈装大码中年夏季中长款裙40-50,32.5
中老年女装妈妈装夏装连衣裙母亲节衣服夏季雪纺裙子中年40-50岁,98.0
中年女夏装妈妈装连衣裙40岁50中老年女装中长款大码短袖雪纺裙子,128.0
母亲节中老年女连衣裙新品中长款夏季复古胖妈妈装大码宽松50-60,138.0
妈妈夏装连衣裙40-50岁2017新款中年妇女夏季大码宽松雪纺裙子,138.0
中年妇女装2017新款春时尚妈妈夏装30-40岁-50衣服夏季连衣裙子潮,139.0
中老年妇女装夏装连衣裙子30-40-50岁中年人妈妈装长款短袖衣服季,125.0
中老年女装夏季真丝连衣裙中长款宽松桑蚕丝妈妈装端庄大气香云纱,165.0
中年女夏装2017新款40-50岁妈妈装夏天短袖中长款雪纺连衣裙宽松,89.0
母亲节中年妈妈夏装连衣裙大码中老年春夏季上衣服女雪纺裙40岁50,138.0
母亲节衣服中年妈妈雪纺连衣裙中老年大码女装夏天中长款裙子40岁,36.0
春装结婚宴婚庆妈妈装蕾丝连衣裙夏季大码女装宴会喜庆婆婆婚礼服,218.0
中年假两件套夏季妈妈装女装印花夏天雪纺连衣裙短袖30-40-50岁,129.0
中老年女装夏装连衣裙中长款打底衫女40-50岁中年妈妈装短袖裙子,39.9
天天特价中老年春夏新款真丝大码短袖中长款连衣裙修身百褶裙女装,89.0
2017夏季新款优雅印花真丝连衣裙中长款短袖桑蚕丝宽松大码中老年,349.0
2017春装妈妈装新款中老年女装蕾丝连衣裙中长款裙子母亲节衣服夏,78.0
中老年女装蕾丝夏装妈妈装连衣裙上衣中年女大码宽松刺绣短袖T恤,48.0
